,symbol,code,retracement_level
0,DIGI,6947,Fibo764_dist
1,CARLSBG,2836,Fibo764_dist
2,BAT,4162,Fibo764_dist
3,SIGGAS,5181,Fibo382_dist
4,ASTRO,6399,Fibo764_dist
5,NESTLE,4707,Fibo764_dist
6,DLADY,3026,Fibo764_dist
7,HEIM,3255,Fibo764_dist
8,COMCORP,7195,Fibo618_dist
9,UNIWALL,03017,Fibo236_dist
10,POLYMER,03007,
11,SEM,5250,Fibo764_dist
12,SEG,9792,Fibo764_dist
13,UCHITEC,7100,Fibo236_dist
14,FINTEC,0150,Fibo382_dist
15,PINEPAC,1902,Fibo382_dist
16,CHINAETF-USD,0829EB,Fibo236_dist
17,ADVENTA,7191,Fibo500_dist
18,CANONE,5105,Fibo500_dist
19,PARAMON,1724,Fibo236_dist
20,MYEG,0138,Fibo500_dist
21,BAUTO,5248,Fibo382_dist
22,NPS,03006,
23,MICROLN,0126,Fibo764_dist
24,WELLCAL,7231,Fibo618_dist
25,HUPSENG,5024,Fibo618_dist
26,MYKRIS,03010,Fibo236_dist
27,TAKAFUL,6139,Fibo236_dist
28,GREATEC,0208,Fibo236_dist
29,BURSA,1818,Fibo500_dist
30,ARBB,7181,Fibo382_dist
31,SLIC,03008,
32,IQZAN,7183,Fibo618_dist
33,GDB,0198,Fibo618_dist
34,REXIT,0106,Fibo382_dist
35,LITRAK,6645,Fibo382_dist
36,UWC,5292,Fibo236_dist
37,WPRTS,5246,Fibo764_dist
38,MHCARE,03005,
39,KPPROP,7077,Fibo500_dist
40,AMWAY,6351,Fibo618_dist
41,DUFU,7233,Fibo382_dist
42,GCB,5102,Fibo500_dist
43,JMEDU,03003,
44,SCICOM,0099,Fibo382_dist
45,DSONIC,5216,Fibo500_dist
46,LIIHEN,7089,Fibo382_dist
47,MAXIS,6012,Fibo764_dist
48,ENEST,03025,Fibo236_dist
49,PWROOT,7237,Fibo382_dist
50,MBWORLD,7189,Fibo236_dist
51,GASMSIA,5209,Fibo382_dist
52,MAGNI,7087,Fibo236_dist
53,LPI,8621,Fibo382_dist
54,AEONCR,5139,Fibo618_dist
55,PADINI,7052,Fibo382_dist
56,SERBADK,5279,Fibo764_dist
57,THHEAVY,7206,Fibo500_dist
58,GTRONIC,7022,Fibo382_dist
59,FRONTKN,0128,Fibo500_dist
60,SUNCON,5263,Fibo236_dist
61,PENTA,7160,Fibo382_dist
62,OPENSYS,0040,Fibo236_dist
63,HARTA,5168,Fibo382_dist
64,BJTOTO,1562,Fibo764_dist
65,MI,5286,Fibo236_dist
66,CLOUD,03001,Fibo236_dist
67,FPGROUP,5277,Fibo236_dist
68,SERNKOU,7180,Fibo236_dist
69,NOVA,0201,Fibo500_dist
70,PAM-A40M,0822EA,Fibo236_dist
71,INTA,0192,Fibo236_dist
72,DAYANG,5141,Fibo764_dist
73,SCIENTX,4731,Fibo236_dist
74,KPOWER,7130,Fibo236_dist
75,CARIMIN,5257,Fibo618_dist
76,CHINAETF-MYR,0829EA,
77,ASB,1481,Fibo500_dist
78,F&N,3689,Fibo500_dist
79,EWEIN,7249,Fibo236_dist
80,HAPSENG,3034,Fibo500_dist
81,KOSSAN,7153,Fibo382_dist
82,KOTRA,0002,Fibo236_dist
83,RCECAP,9296,Fibo500_dist
84,HOMERIZ,5160,Fibo500_dist
85,SAMCHEM,5147,Fibo618_dist
86,MATRIX,5236,Fibo236_dist
87,VITROX,0097,Fibo236_dist
88,JHM,0127,Fibo236_dist
89,KKB,9466,Fibo618_dist
90,RGB,0037,Fibo618_dist
91,DIALOG,7277,Fibo500_dist
92,HLIND,3301,Fibo618_dist
93,ATAIMS,8176,Fibo618_dist
94,MMIS,03027,
95,KGB,0151,Fibo500_dist
96,SKPRES,7155,Fibo382_dist
97,MASTER,7029,Fibo618_dist
98,JOHOTIN,7167,Fibo764_dist
99,ECM,2143,Fibo764_dist
100,PESTECH,5219,Fibo764_dist
101,OMESTI,9008,Fibo764_dist
102,MAYBULK,5077,Fibo764_dist
103,PMETAL,8869,Fibo236_dist
104,HOHUP,5169,Fibo236_dist
105,FOCUSP,0157,Fibo764_dist
106,LEESK,8079,Fibo618_dist
107,SUPREME,03018,Fibo236_dist
108,PETGAS,6033,Fibo500_dist
109,IRIS,0010,Fibo236_dist
110,PANAMY,3719,Fibo500_dist
111,PTARAS,9598,Fibo618_dist
112,DBE,7179,Fibo500_dist
113,ALLIANZ,1163,Fibo236_dist
114,MTAG,0213,Fibo500_dist
115,INARI,0166,Fibo382_dist
116,TECFAST,0084,Fibo382_dist
117,COCOLND,7205,Fibo500_dist
118,EITA,5208,Fibo500_dist
119,MBL,5152,Fibo382_dist
120,SAM,9822,
121,UMW,4588,Fibo500_dist
122,RANHILL,5272,Fibo764_dist
123,BIMB,5258,Fibo618_dist
124,BOILERM,0168,Fibo382_dist
125,KERJAYA,7161,Fibo500_dist
126,ELSOFT,0090,Fibo500_dist
127,MELEWAR,3778,Fibo382_dist
128,YINSON,7293,Fibo382_dist
129,BTECH,0011,Fibo236_dist
130,AHEALTH,7090,Fibo236_dist
131,PBBANK,1295,Fibo382_dist
132,TIMECOM,5031,Fibo500_dist
133,REDTONE,0032,Fibo382_dist
134,TEOSENG,7252,Fibo764_dist
135,KHJB,0210,Fibo500_dist
136,FPI,9172,Fibo500_dist
137,LUXCHEM,5143,Fibo618_dist
138,DBHD,3484,Fibo236_dist
139,SCC,0158,Fibo764_dist
140,JFTECH,0146,Fibo236_dist
141,CCK,7035,Fibo618_dist
142,POHUAT,7088,Fibo236_dist
143,CYPARK,5184,Fibo236_dist
144,BPPLAS,5100,Fibo382_dist
145,PTRANS,0186,Fibo500_dist
146,KOBAY,6971,Fibo382_dist
147,QL,7084,Fibo500_dist
148,AJI,2658,
149,EATECH,5259,Fibo382_dist
150,JAYCORP,7152,Fibo382_dist
151,CIHLDG,2828,Fibo382_dist
152,HSCEI-2XL,0832EA,Fibo500_dist
153,FAVCO,7229,Fibo236_dist
154,ZECON,7028,Fibo382_dist
155,MBMR,5983,Fibo618_dist
156,SUPERMX,7106,Fibo236_dist
157,DAIBOCI,8125,Fibo236_dist
158,TOPVISN,03013,Fibo236_dist
159,KPJ,5878,Fibo764_dist
160,PENERGY,5133,Fibo764_dist
161,TGUAN,7034,Fibo618_dist
162,JAKS,4723,Fibo764_dist
163,SYMLIFE,1538,Fibo500_dist
164,MAYBANK,1155,Fibo764_dist
165,COMFORT,2127,Fibo500_dist
166,MFGROUP,03015,
167,HAIO,7668,Fibo236_dist
168,SLP,7248,Fibo500_dist
169,DPIH,0205,Fibo382_dist
170,DANCO,5276,Fibo382_dist
171,EDGENTA,1368,Fibo764_dist
172,IDEAL,9687,Fibo236_dist
173,ECONBHD,5253,Fibo382_dist
174,REVENUE,0200,Fibo500_dist
175,AMTEL,7031,Fibo618_dist
176,MMSV,0113,Fibo382_dist
177,KHIND,7062,Fibo764_dist
178,BCMALL,0187,Fibo618_dist
179,AXREIT,5106,Fibo500_dist
180,DPHARMA,7148,Fibo382_dist
181,PWRWELL,0217,Fibo618_dist
182,OCR,7071,Fibo500_dist
183,WEGMANS,0197,Fibo382_dist
184,DPS,7198,Fibo236_dist
185,PCCS,6068,Fibo500_dist
186,SLVEST,0215,Fibo236_dist
187,CRG,03016,Fibo236_dist
188,BCB,6602,Fibo236_dist
189,MFCB,3069,Fibo382_dist
190,D&O,7204,Fibo382_dist
191,EUPE,6815,Fibo382_dist
192,VSTECS,5162,Fibo382_dist
193,ISTONE,0209,Fibo382_dist
194,DELEUM,5132,Fibo382_dist
195,IBRACO,5084,Fibo764_dist
196,VS,6963,Fibo618_dist
197,TOPGLOV,7113,Fibo236_dist
198,MAGNUM,3859,Fibo382_dist
199,RHBBANK,1066,Fibo764_dist
200,KIPREIT,5280,Fibo500_dist
201,HLBANK,5819,Fibo500_dist
202,PETDAG,5681,Fibo764_dist
203,HLT,0188,Fibo500_dist
204,SCOMNET,0001,Fibo500_dist
205,SUNREIT,5176,Fibo500_dist
206,SMILE,03023,Fibo764_dist
207,MSC,5916,Fibo236_dist
208,OIB,5827,Fibo764_dist
209,VIS,0120,Fibo382_dist
210,BIPORT,5032,Fibo500_dist
211,MPI,3867,Fibo236_dist
212,HIBISCS,5199,Fibo382_dist
213,HLFG,1082,Fibo764_dist
214,ELKDESA,5228,Fibo382_dist
215,RGTECH,0202,Fibo764_dist
216,PPHB,8273,Fibo382_dist
217,3A,0012,Fibo236_dist
218,FAJAR,7047,Fibo382_dist
219,TADMAX,4022,Fibo236_dist
220,AMBANK,1015,Fibo618_dist
221,GAMUDA,5398,Fibo618_dist
222,WONG,7050,Fibo764_dist
223,THRIVEN,7889,Fibo618_dist
224,PERSTIM,5436,Fibo236_dist
225,SUNWAY,5211,Fibo764_dist
226,PCHEM,5183,Fibo382_dist
227,BABA,03012,Fibo236_dist
228,ARANK,7214,Fibo382_dist
229,ACME,7131,Fibo764_dist
230,ZHULIAN,5131,Fibo500_dist
231,INNATURE,5295,Fibo618_dist
232,ILB,5614,Fibo764_dist
233,PIE,7095,Fibo382_dist
234,PLABS,0171,Fibo618_dist
235,MBSB,1171,Fibo764_dist
236,KIMLUN,5171,Fibo764_dist
237,CETECH,03024,
238,GKENT,3204,Fibo500_dist
239,HARISON,5008,Fibo236_dist
240,TALIWRK,8524,Fibo500_dist
241,IGBREIT,5227,Fibo500_dist
242,KSL,5038,Fibo236_dist
243,FCW,2755,Fibo764_dist
244,ALAQAR,5116,Fibo764_dist
245,AME,5293,Fibo236_dist
246,DKSH,5908,Fibo236_dist
247,UOADEV,5200,Fibo618_dist
248,JIANKUN,8923,Fibo382_dist
249,OSK,5053,Fibo618_dist
250,TENAGA,5347,Fibo764_dist
251,UNIMECH,7091,Fibo764_dist
252,MARCO,3514,Fibo618_dist
253,TIMWELL,7854,Fibo236_dist
254,ACEINNO,03028,Fibo236_dist
255,TAMBUN,5191,Fibo764_dist
256,SPRITZER,7103,Fibo382_dist
257,GBGAQRS,5226,Fibo500_dist
258,MYNEWS,5275,Fibo764_dist
259,FIHB,8605,Fibo382_dist
260,ABMB,2488,Fibo382_dist
261,RHONEMA,5278,Fibo764_dist
262,KNUSFOR,5035,Fibo764_dist
263,WILLOW,0008,Fibo382_dist
264,TGL,9369,Fibo500_dist
265,LAMBO,0018,Fibo382_dist
266,OCNCASH,0049,Fibo618_dist
267,HLCAP,5274,
268,YSPSAH,7178,Fibo500_dist
269,TROP,5401,Fibo382_dist
270,CIMB,1023,Fibo764_dist
271,ORNA,5065,Fibo764_dist
272,WIDAD,0162,Fibo236_dist
273,OKA,7140,Fibo382_dist
274,PECCA,5271,Fibo764_dist
275,RGTBHD,9954,Fibo500_dist
276,UZMA,7250,Fibo500_dist
277,DRBHCOM,1619,Fibo382_dist
278,SUPERLN,7235,Fibo382_dist
279,FAREAST,5029,Fibo382_dist
280,YOCB,5159,Fibo236_dist
281,HTPADU,5028,Fibo382_dist
282,PAVREIT,5212,Fibo618_dist
283,LHI,6633,Fibo236_dist
284,ASIAFLE,7129,Fibo382_dist
285,TECHBND,5289,Fibo236_dist
286,SOP,5126,Fibo500_dist
287,PAM-C50,0823EA,Fibo236_dist
288,KARYON,0054,Fibo618_dist
289,ESCERAM,0100,Fibo618_dist
290,TM,4863,Fibo764_dist
291,HPMT,5291,Fibo382_dist
292,ECOFIRS,3557,Fibo764_dist
293,TALAMT,2259,Fibo618_dist
294,EFORCE,0065,Fibo382_dist
295,PANTECH,5125,Fibo382_dist
296,MNRB,6459,Fibo236_dist
297,FIAMMA,6939,Fibo764_dist
298,KUB,6874,Fibo618_dist
299,STRAITS,0080,Fibo764_dist
300,HSL,6238,Fibo618_dist
301,EWINT,5283,Fibo764_dist
302,PANSAR,8419,Fibo236_dist
303,SPRING,0216,Fibo500_dist
304,ASTINO,7162,Fibo618_dist
305,TUNEPRO,5230,Fibo500_dist
306,MALAKOF,5264,
307,GREENYB,0136,Fibo500_dist
308,CVIEW,5049,Fibo764_dist
309,OFI,7107,Fibo500_dist
310,POHKONG,5080,Fibo382_dist
311,LSTEEL,9881,Fibo618_dist
312,HIL,8443,Fibo236_dist
313,CMSB,2852,Fibo382_dist
314,TECGUAN,7439,Fibo764_dist
315,PESONA,8311,Fibo236_dist
316,BREM,8761,Fibo236_dist
317,SHANG,5517,Fibo764_dist
318,CHINWEL,5007,Fibo500_dist
319,FIBON,0149,Fibo764_dist
320,LYSAGHT,9199,Fibo764_dist
321,COMPLET,5136,Fibo764_dist
322,APOLLO,6432,Fibo236_dist
323,KTC,0180,Fibo618_dist
324,WANGZNG,7203,Fibo764_dist
325,SCIB,9237,Fibo618_dist
326,ASIAPAC,4057,Fibo382_dist
327,SIME,4197,Fibo382_dist
328,TA,4898,Fibo500_dist
329,PARAGON,9407,
330,HARBOUR,2062,Fibo500_dist
331,INNO,6262,Fibo382_dist
332,TRIMODE,0199,Fibo382_dist
333,NADIBHD,0206,Fibo618_dist
334,EKOVEST,8877,Fibo500_dist
335,CSCENIC,7202,Fibo500_dist
336,KMLOONG,5027,Fibo500_dist
337,DOMINAN,7169,Fibo764_dist
338,SHL,6017,Fibo764_dist
339,LOTUS,8303,Fibo236_dist
340,ADVCON,5281,Fibo382_dist
341,LAYHONG,9385,Fibo764_dist
342,TONGHER,5010,Fibo382_dist
343,ASIABRN,7722,Fibo764_dist
344,PLB,7055,Fibo500_dist
345,TOYOINK,7173,Fibo764_dist
346,IFCAMSC,0023,Fibo500_dist
347,ALSREIT,5269,Fibo764_dist
348,EMICO,9091,Fibo500_dist
349,MUIPROP,3913,Fibo764_dist
350,KAB,0193,Fibo236_dist
351,AXIATA,6888,Fibo764_dist
352,UTDPLT,2089,Fibo382_dist
353,THETA,9075,Fibo236_dist
354,GHLSYS,0021,Fibo618_dist
355,OCK,0172,Fibo382_dist
356,AWC,7579,Fibo382_dist
357,K1,0111,Fibo382_dist
358,ROHAS,9741,Fibo236_dist
359,PA,7225,Fibo382_dist
360,TURBO,5167,Fibo236_dist
361,SHCHAN,4316,Fibo764_dist
362,ORIENT,4006,Fibo382_dist
363,ZELAN,2283,Fibo500_dist
364,PMBTECH,7172,Fibo764_dist
365,KAWAN,7216,Fibo382_dist
366,AFFIN,5185,Fibo764_dist
367,LBALUM,9326,Fibo618_dist
368,ICON,5255,Fibo382_dist
369,BONIA,9288,Fibo764_dist
370,LBS,5789,Fibo764_dist
371,RUBEREX,7803,Fibo500_dist
372,AEON,6599,Fibo764_dist
373,CABNET,0191,Fibo618_dist
374,MAHSING,8583,Fibo500_dist
375,PPB,4065,Fibo236_dist
376,BIOHLDG,0179,Fibo764_dist
377,AGES,7145,Fibo382_dist
378,DNEX,4456,Fibo500_dist
379,N2N,0108,Fibo236_dist
380,LUSTER,5068,Fibo236_dist
381,SUCCESS,7207,Fibo500_dist
382,VIZIONE,7070,Fibo618_dist
383,ATLAN,7048,Fibo764_dist
384,MIKROMB,0112,Fibo618_dist
385,BKAWAN,1899,Fibo236_dist
386,TEXCYCL,0089,Fibo382_dist
387,MESB,7234,Fibo618_dist
388,GENETEC,0104,Fibo618_dist
389,MCT,5182,Fibo382_dist
390,BINACOM,0195,Fibo618_dist
391,TRC,5054,Fibo382_dist
392,ARREIT,5127,Fibo236_dist
393,IMPIANA,7243,Fibo236_dist
394,CBIP,7076,Fibo500_dist
395,IOICORP,1961,Fibo382_dist
396,UMCCA,2593,Fibo618_dist
397,KLCC,5235SS,Fibo764_dist
398,AHP,4952,Fibo764_dist
399,TOMEI,7230,Fibo382_dist
400,ECOWLD,8206,Fibo764_dist
401,SGBHD,03033,Fibo236_dist
402,SBCCORP,5207,Fibo382_dist
403,CHINTEK,1929,Fibo500_dist
404,CHINHIN,5273,Fibo236_dist
405,EIG,5081,Fibo618_dist
406,IGBB,5606,Fibo382_dist
407,FREIGHT,7210,Fibo382_dist
408,LBICAP,8494,Fibo500_dist
409,IJM,3336,Fibo618_dist
410,QES,0196,Fibo236_dist
411,HBGLOB,5187,Fibo500_dist
412,SDS,0212,
413,YTLREIT,5109,Fibo500_dist
414,SUNSURIA,3743,Fibo618_dist
415,SURIA,6521,Fibo764_dist
416,NAIM,5073,Fibo236_dist
417,UPA,7757,Fibo764_dist
418,MSNIAGA,5011,Fibo382_dist
419,PENSONI,9997,Fibo236_dist
420,CSCSTEL,5094,Fibo618_dist
421,GDEX,0078,Fibo382_dist
422,KLK,2445,Fibo236_dist
423,GENP,2291,Fibo500_dist
424,KFIMA,6491,Fibo382_dist
425,RESINTC,7232,Fibo764_dist
426,AIRPORT,5014,Fibo500_dist
427,UMSNGB,7227,Fibo764_dist
428,GADANG,9261,Fibo618_dist
429,SWKPLNT,5135,Fibo500_dist
430,BAHVEST,0098,Fibo236_dist
431,TAANN,5012,Fibo382_dist
432,KSENG,3476,Fibo618_dist
433,SAB,5134,Fibo236_dist
434,NOTION,0083,Fibo500_dist
435,GENM,4715,Fibo382_dist
436,TMCLIFE,0101,Fibo500_dist
437,HEXZA,3298,Fibo618_dist
438,ANCOM,4758,Fibo382_dist
439,MUDA,3883,Fibo500_dist
440,PBA,5041,Fibo618_dist
441,GENTING,3182,Fibo618_dist
442,TAGB,5158,
443,YEELEE,5584,Fibo236_dist
444,FIMACOR,3107,Fibo236_dist
445,SIMEPROP,5288,Fibo382_dist
446,YNHPROP,3158,Fibo500_dist
447,CRESBLD,8591,Fibo500_dist
448,JKGLAND,6769,Fibo236_dist
449,KANGER,0170,Fibo236_dist
450,SCNWOLF,7239,Fibo382_dist
451,INNITY,0147,Fibo618_dist
452,MANULFE,1058,Fibo236_dist
453,RAPID,7765,Fibo618_dist
454,MUHIBAH,5703,Fibo500_dist
455,WATTA,7226,Fibo236_dist
456,T7GLOBAL,7228,Fibo618_dist
457,HCK,7105,Fibo764_dist
458,WIDETEC,7692,Fibo382_dist
459,MALTON,6181,Fibo618_dist
460,ACO,0218,Fibo382_dist
461,HEVEA,5095,Fibo500_dist
462,MKH,6114,Fibo764_dist
463,KEINHIN,7199,Fibo382_dist
464,SCH,0161,Fibo382_dist
465,KPS,5843,Fibo382_dist
466,HIGHTEC,7033,Fibo764_dist
467,SIMEPLT,5285,Fibo500_dist
468,CRESNDO,6718,Fibo500_dist
469,YTLPOWR,6742,Fibo382_dist
470,UEMS,5148,Fibo764_dist
471,BINTAI,6998,Fibo236_dist
472,CWG,9423,Fibo764_dist
473,JCBNEXT,0058,Fibo618_dist
474,L&G,3174,Fibo382_dist
475,SKBSHUT,7115,Fibo764_dist
476,GMUTUAL,9962,Fibo764_dist
477,MGB,7595,Fibo764_dist
478,BJFOOD,5196,
479,IOIPG,5249,Fibo500_dist
480,UMS,7137,Fibo764_dist
481,MESTRON,0207,Fibo500_dist
482,SPSETIA,8664,Fibo618_dist
483,GRANFLO,0056,Fibo764_dist
484,UOAREIT,5110,Fibo382_dist
485,AMFIRST,5120,Fibo618_dist
486,ESAFE,0190,Fibo618_dist
487,MMCCORP,2194,Fibo500_dist
488,GLOMAC,5020,Fibo764_dist
489,KNM,7164,Fibo500_dist
490,SEAL,4286,Fibo382_dist
491,PJBUMI,7163,Fibo618_dist
492,SDRED,2224,Fibo618_dist
493,SMETRIC,0203,Fibo236_dist
494,TASCO,5140,Fibo618_dist
495,TSH,9059,Fibo382_dist
496,PRLEXUS,8966,Fibo764_dist
497,POLYDM,03031,Fibo236_dist
498,EG,8907,Fibo764_dist
499,IHH,5225,Fibo500_dist
500,PICORP,7201,Fibo382_dist
501,VELESTO,5243,Fibo764_dist
502,TPC,7176,Fibo764_dist
503,KPSCB,9121,Fibo764_dist
504,ATRIUM,5130,Fibo236_dist
505,CMMT,5180,Fibo764_dist
506,MENANG,1694,Fibo236_dist
507,CHGP,7187,Fibo382_dist
508,E&O,3417,Fibo764_dist
509,AYER,2305,Fibo764_dist
510,IBHD,4251,Fibo382_dist
511,MQREIT,5123,
512,SAPIND,7811,Fibo764_dist
513,GPP,03029,Fibo236_dist
514,PWF,7134,Fibo382_dist
515,PETRONM,3042,Fibo500_dist
516,AJIYA,7609,Fibo382_dist
517,APM,5015,Fibo764_dist
518,NHFATT,7060,Fibo618_dist
519,ECOHLDS,0059,Fibo382_dist
520,IMASPRO,7222,Fibo764_dist
521,APEX,5088,Fibo382_dist
522,XDL,5156,Fibo764_dist
523,AMPROP,1007,Fibo236_dist
524,LIONPSIM,8486,Fibo764_dist
525,PLENITU,5075,Fibo764_dist
526,HEXTAR,5151,Fibo764_dist
527,SCGM,7247,Fibo382_dist
528,SYCAL,9717,Fibo618_dist
529,IJMPLNT,2216,Fibo382_dist
530,BJLAND,4219,Fibo764_dist
531,XINHWA,5267,Fibo764_dist
532,PRESTAR,9873,Fibo382_dist
533,TWRREIT,5111,Fibo236_dist
534,EDEN,7471,Fibo618_dist
535,PRTASCO,5070,Fibo500_dist
536,ANALABS,7083,Fibo764_dist
537,ENGKAH,7149,Fibo618_dist
538,HENGYUAN,4324,Fibo382_dist
539,LCTITAN,5284,Fibo618_dist
540,DEGEM,7119,Fibo236_dist
541,MENTIGA,5223,Fibo236_dist
542,MGRC,0155,Fibo500_dist
543,LEONFB,5232,Fibo618_dist
544,HEKTAR,5121,Fibo764_dist
545,KESM,9334,Fibo382_dist
546,GFM,0039,Fibo382_dist
547,KRONO,0176,Fibo618_dist
548,SENDAI,5205,Fibo236_dist
549,SMISCOR,7132,Fibo764_dist
550,TCHONG,4405,Fibo764_dist
551,HSSEB,0185,Fibo764_dist
552,Y&G,7003,Fibo236_dist
553,EMETALL,7217,Fibo618_dist
554,KENANGA,6483,Fibo236_dist
555,KUCHAI,2186,Fibo236_dist
556,METROD,6149,Fibo618_dist
557,SOLID,5242,Fibo764_dist
558,HSPLANT,5138,Fibo500_dist
559,BRIGHT,9938,Fibo500_dist
560,POLY,8117,Fibo382_dist
561,MELATI,5129,Fibo382_dist
562,FITTERS,9318,Fibo764_dist
563,AFUJIYA,5198,
564,RVIEW,2542,Fibo236_dist
565,HIAPTEK,5072,Fibo382_dist
566,BDB,6173,Fibo764_dist
567,DKLS,7528,Fibo764_dist
568,GOPENG,2135,Fibo764_dist
569,MHC,5026,Fibo500_dist
570,GUH,3247,Fibo500_dist
571,HHHCORP,0160,Fibo382_dist
572,IVORY,5175,Fibo764_dist
573,YTL,4677,Fibo764_dist
574,JERASIA,8931,Fibo382_dist
575,PGLOBE,3611,Fibo764_dist
576,INSAS,3379,Fibo236_dist
577,ICAP,5108,Fibo764_dist
578,SASBADI,5252,Fibo618_dist
579,COASTAL,5071,Fibo764_dist
580,TAWIN,7097,Fibo500_dist
581,TITIJYA,5239,Fibo764_dist
582,MATANG,0189,Fibo500_dist
583,TAS,5149,Fibo500_dist
584,ANCOMLB,0048,Fibo382_dist
585,EDUSPEC,0107,Fibo764_dist
586,MINHO,5576,Fibo382_dist
587,KEN,7323,Fibo618_dist
588,SBAGAN,2569,Fibo764_dist
589,MFLOUR,3662,Fibo500_dist
590,YBS,0025,Fibo500_dist
591,SIGN,7246,Fibo764_dist
592,SEDANIA,0178,Fibo500_dist
593,LATITUD,7006,Fibo500_dist
594,MRCB,1651,Fibo618_dist
595,MIECO,5001,Fibo764_dist
596,MKLAND,8893,Fibo500_dist
597,DNONCE,7114,Fibo618_dist
598,FACBIND,2984,Fibo236_dist
599,DUTALND,3948,Fibo500_dist
600,LFECORP,7170,Fibo236_dist
601,CYL,7157,Fibo764_dist
602,TASHIN,0211,Fibo382_dist
603,VIVOCOM,0069,Fibo618_dist
604,BPURI,5932,Fibo382_dist
605,GOLDETF,0828EA,Fibo500_dist
606,CNOUHUA,5188,Fibo500_dist
607,CEPAT,8982,Fibo500_dist
608,CAMRES,7128,Fibo764_dist
609,KAMDAR,8672,Fibo764_dist
610,DGSB,0131,
611,GPA,7096,Fibo382_dist
612,MHB,5186,Fibo764_dist
613,CCM,2879,Fibo382_dist
614,MALPAC,4936,Fibo764_dist
615,DIN042300721,0400GC,
616,CTIB,03035,Fibo236_dist
617,IHS046000824,0401GA,
618,ALLIANZ-PA,1163PA,Fibo236_dist
619,DIN040000223,0400GA,
620,KLCI2XL,0834EA,
621,TASEK-PA,4448P,Fibo764_dist
622,ASTRA,03032,Fibo236_dist
623,DIN045801028,0400GB,
624,KLCI1XI,0835EA,
625,METFAPA,0826EA,
626,CAP,5229,Fibo236_dist
627,GNB,0045,Fibo764_dist
628,AMEDIA,0159,Fibo764_dist
629,EKA,7182,Fibo618_dist
630,BJMEDIA,6025,
631,BRAHIMS,9474,Fibo764_dist
632,DAYA,0091,Fibo764_dist
633,SCOMI,7158,Fibo382_dist
634,BARAKAH,7251,Fibo382_dist
635,KINSTEL,5060,
636,LONBISC,7126,
637,METFUS50,0827EA,Fibo764_dist
638,APFT,5194,Fibo236_dist
639,MYETFID,0824EA,Fibo382_dist
640,METFSID,0825EA,Fibo236_dist
641,ABFMY1,0800EA,Fibo618_dist
642,MYETFDJ,0821EA,Fibo236_dist
643,FBMKLCI-EA,0820EA,Fibo382_dist
644,WINTONI,0141,
645,DOLPHIN,5265,Fibo382_dist
646,KLUANG,2453,Fibo382_dist
647,AMLEX,03011,Fibo236_dist
648,KRETAM,1996,Fibo500_dist
649,ENGTEX,5056,Fibo764_dist
650,ATTA,7099,
651,CENSOF,5195,Fibo618_dist
652,CHOOBEE,5797,Fibo382_dist
653,STAR,6084,Fibo500_dist
654,LTKM,7085,Fibo764_dist
655,MERCURY,8192,Fibo764_dist
656,ADVPKG,9148,Fibo764_dist
657,NOVAMSC,0026,Fibo500_dist
658,HUBLINE,7013,Fibo382_dist
659,KAREX,5247,Fibo618_dist
660,NSOP,2038,Fibo236_dist
661,CHEETAH,7209,Fibo618_dist
662,BSLCORP,7221,Fibo382_dist
663,ULICORP,7133,Fibo618_dist
664,TURIYA,4359,Fibo500_dist
665,MPHBCAP,5237,Fibo236_dist
666,NTPM,5066,Fibo382_dist
667,IWCITY,1589,Fibo382_dist
668,PELIKAN,5231,Fibo764_dist
669,MBG,5886,Fibo618_dist
670,MISC,3816,Fibo764_dist
671,LIENHOE,3573,Fibo618_dist
672,EKSONS,9016,Fibo236_dist
673,TNLOGIS,8397,Fibo382_dist
674,CAB,7174,Fibo236_dist
675,SUMATEC,1201,
676,WCT,9679,Fibo500_dist
677,BORNOIL,7036,Fibo382_dist
678,PMHLDG,1287,Fibo618_dist
679,SMCAP,9776,Fibo500_dist
680,APPASIA,0119,Fibo618_dist
681,MUH,9539,Fibo764_dist
682,INCKEN,2607,Fibo500_dist
683,MASTEEL,5098,Fibo500_dist
684,SJC,9431,
685,PAOS,5022,Fibo764_dist
686,AEM,7146,Fibo382_dist
687,ALCOM,2674,Fibo764_dist
688,SYSTECH,0050,Fibo236_dist
689,LEBTECH,9628,Fibo764_dist
690,MEGASUN,0081,Fibo500_dist
691,NYLEX,4944,Fibo618_dist
692,CGB,8052,Fibo382_dist
693,BLDPLNT,5069,Fibo382_dist
694,UNISEM,5005,Fibo382_dist
695,PEB,5622,Fibo618_dist
696,ABLEGRP,7086,Fibo382_dist
697,ACOSTEC,7120,Fibo764_dist
698,CHUAN,7016,Fibo500_dist
699,XIANLNG,7121,Fibo236_dist
700,WCEHB,3565,Fibo236_dist
701,BOXPAK,6297,Fibo764_dist
702,APB,5568,Fibo764_dist
703,P&O,6009,Fibo764_dist
704,AISB,2682,Fibo764_dist
705,SALCON,8567,Fibo382_dist
706,WARISAN,5016,Fibo764_dist
707,TASEK,4448,Fibo236_dist
708,JCY,5161,Fibo382_dist
709,ANZO,9342,
710,QUALITY,7544,
711,NPC,5047,Fibo236_dist
712,PPG,7190,Fibo764_dist
713,OPCOM,0035,Fibo382_dist
714,ORION,0079,Fibo618_dist
715,CAELY,7154,Fibo500_dist
716,SOLUTN,0093,Fibo382_dist
717,PERDANA,7108,Fibo618_dist
718,KSSC,5192,Fibo382_dist
719,JAG,0024,Fibo618_dist
720,AYS,5021,Fibo500_dist
721,TIGER,7079,Fibo764_dist
722,MYCRON,5087,Fibo500_dist
723,LKL,0182,Fibo618_dist
724,TEXCHEM,8702,Fibo382_dist
725,CJCEN,7117,Fibo500_dist
726,YILAI,5048,Fibo236_dist
727,VC,0060,Fibo764_dist
728,BJCORP,3395,Fibo500_dist
729,PMCORP,4081,Fibo382_dist
730,GCE,5592,Fibo764_dist
731,PERMAJU,7080,Close
732,SERSOL,0055,Fibo382_dist
733,GUOCO,1503,Fibo764_dist
734,EVERGRN,5101,Fibo618_dist
735,TIENWAH,7374,Fibo236_dist
736,UCREST,0005,Fibo382_dist
737,MJPERAK,8141,Fibo618_dist
738,DIGISTA,0029,Fibo382_dist
739,SUBUR,6904,
740,FARLIM,6041,Fibo500_dist
741,HUAYANG,5062,Fibo236_dist
742,FLBHD,5197,Fibo764_dist
743,JADEM,7043,Fibo764_dist
744,FOCUS,0116,Fibo236_dist
745,CHHB,5738,Fibo764_dist
746,SHH,7412,Fibo500_dist
747,BJASSET,3239,Fibo764_dist
748,WASEONG,5142,Fibo764_dist
749,SEEHUP,7053,Fibo764_dist
750,KIALIM,6211,Fibo618_dist
751,PUNCAK,6807,Fibo236_dist
752,CFM,8044,Fibo236_dist
753,SMI,4375,Fibo500_dist
754,PLS,9695,Fibo500_dist
755,HWATAI,8478,Fibo382_dist
756,OWG,5260,Fibo382_dist
757,SALUTE,0183,Fibo500_dist
758,PASDEC,6912,Fibo618_dist
759,CAREPLS,0163,Fibo382_dist
760,AASIA,7054,Fibo500_dist
761,SCOPE,0028,Fibo764_dist
762,OVERSEA,0153,
763,MNC,0103,Fibo236_dist
764,EUROSP,7094,Fibo764_dist
765,BPLANT,5254,Fibo500_dist
766,OLYMPIA,3018,Fibo764_dist
767,PTB,0038,Fibo500_dist
768,EPMB,7773,Fibo500_dist
769,SAPRES,4596,Fibo618_dist
770,GLBHD,7382,Fibo764_dist
771,SCBUILD,0109,Fibo764_dist
772,LANDMRK,1643,Fibo764_dist
773,MEDIAC,5090,Fibo618_dist
774,SNC,7943,Fibo764_dist
775,MPAY,0156,Fibo382_dist
776,TRIVE,0118,Fibo764_dist
777,HOOVER,7010,Fibo618_dist
778,NICE,7139,Fibo236_dist
779,MLAB,0085,Fibo500_dist
780,BIG,7005,Fibo500_dist
781,MITRA,9571,Fibo618_dist
782,MCOM,03022,Fibo236_dist
783,RALCO,7498,Fibo236_dist
784,CNASIA,7986,Fibo236_dist
785,AT,0072,Fibo618_dist
786,GESHEN,7197,Fibo382_dist
787,MAA,1198,Fibo236_dist
788,ASIAPLY,0105,
789,TOMYPAK,7285,Fibo500_dist
790,IDBTECH,03030,Fibo236_dist
791,MAGNA,7617,Fibo764_dist
792,EFFICEN,0064,Fibo500_dist
793,EASTLND,2097,Fibo618_dist
794,MPSOL,03019,Fibo236_dist
795,DWL,7165,Fibo764_dist
796,HSCEI-1XI,0833EA,Fibo764_dist
797,MCEMENT,3794,Fibo236_dist
798,NIHSIN,7215,Fibo382_dist
799,KWANTAS,6572,Fibo764_dist
800,AZRB,7078,Fibo382_dist
801,ANNJOO,6556,Fibo236_dist
802,AIRASIA,5099,Fibo500_dist
803,PHB,4464,Fibo500_dist
804,YLI,7014,Fibo500_dist
805,KIMHIN,5371,Fibo764_dist
806,ICONIC,9113,Fibo764_dist
807,ARMADA,5210,Fibo500_dist
808,JETSON,9083,Fibo236_dist
809,INIX,0094,Fibo382_dist
810,CNI,5104,Fibo618_dist
811,OSKVI,0053,Fibo500_dist
812,FBBHD,03026,Fibo236_dist
813,JADI,7223,Fibo618_dist
814,FSBM,9377,Fibo236_dist
815,SANICHI,0133,Fibo618_dist
816,COMPUGT,5037,Fibo764_dist
817,TANCO,2429,Fibo500_dist
818,PARLO,0022,Fibo618_dist
819,TEKSENG,7200,Fibo236_dist
820,BENALEC,5190,Fibo382_dist
821,PINEAPP,0006,
822,WOODLAN,7025,Fibo764_dist
823,CYMAO,5082,Fibo236_dist
824,SWSCAP,7186,Fibo236_dist
825,STELLA,5006,Fibo382_dist
826,GUNUNG,7676,Fibo236_dist
827,TAFI,7211,
828,WMG,6378,Fibo618_dist
829,FGV,5222,Fibo618_dist
830,WTHORSE,5009,Fibo764_dist
831,GLOTEC,5220,Fibo382_dist
832,MCLEAN,0167,Fibo618_dist
833,YGL,0086,Fibo500_dist
834,BERTAM,9814,
835,MILUX,7935,Fibo236_dist
836,SMTRACK,0169,Fibo382_dist
837,RSAWIT,5113,Fibo500_dist
838,KYM,8362,Fibo764_dist
839,HOKHENG,5165,Fibo764_dist
840,CUSCAPI,0051,Fibo764_dist
841,MYSCM,0041,Fibo382_dist
842,MCEHLDG,7004,Fibo236_dist
843,ARK,7007,Fibo500_dist
844,VERTICE,7240,Fibo618_dist
845,TDM,2054,Fibo618_dist
846,CEPCO,8435,Fibo764_dist
847,MULPHA,3905,Fibo236_dist
848,MERIDIAN,5040,Fibo500_dist
849,TTV,03020,Fibo236_dist
850,HARNLEN,7501,Fibo618_dist
851,SNTORIA,5213,Fibo764_dist
852,JTIASA,4383,Fibo500_dist
853,SEALINK,5145,Fibo618_dist
854,IQGROUP,5107,Fibo500_dist
855,REX,9946,Fibo618_dist
856,GETS,5079,Fibo382_dist
857,HWGB,9601,Fibo236_dist
858,MTRONIC,0043,Fibo382_dist
859,KGROUP,0036,Fibo618_dist
860,YONGTAI,7066,Fibo236_dist
861,MINETEC,7219,Fibo500_dist
862,MTDACPI,5924,Fibo382_dist
863,ENCORP,6076,Fibo764_dist
864,WTK,4243,Fibo382_dist
865,AEMULUS,0181,Fibo236_dist
866,GPHAROS,5649,Fibo382_dist
867,OCB,5533,Fibo764_dist
868,VERSATL,4995,Fibo382_dist
869,HUMEIND,5000,Fibo618_dist
870,PARKSON,5657,Fibo764_dist
871,TOCEAN,7218,Fibo500_dist
872,AVI,8885,Fibo618_dist
873,ITRONIC,9393,Fibo500_dist
874,JASKITA,8648,Fibo764_dist
875,FANG-2XL,0830EA,Fibo236_dist
876,NEXGRAM,0096,Fibo500_dist
877,PNEPCB,6637,Fibo382_dist
878,ALAM,5115,Fibo500_dist
879,MQTECH,0070,Fibo500_dist
880,FANG-1XI,0831EA,Fibo764_dist
881,GPACKET,0082,Fibo764_dist
882,SAUDEE,5157,Fibo618_dist
883,TSRCAP,5042,Fibo618_dist
884,AHB,7315,Fibo382_dist
885,GOB,1147,Fibo618_dist
886,PASUKGB,0177,Fibo500_dist
887,MACPIE,0140,Fibo382_dist
888,VSOLAR,0066,Fibo500_dist
889,DYNACIA,5178,Fibo618_dist
890,ENRA,8613,Fibo764_dist
891,SYF,7082,Fibo764_dist
892,CCB,2925,Fibo764_dist
893,MINDA,5166,Fibo618_dist
894,KOMARK,7017,Fibo236_dist
895,SYSCORP,5173,Fibo764_dist
896,XINGHE,0095,Fibo236_dist
897,MSM,5202,Fibo382_dist
898,EURO,7208,Fibo618_dist
899,REACH,5256,Fibo500_dist
900,NWP,5025,Fibo764_dist
901,XOX,0165,Fibo500_dist
902,SUNZEN,0148,Fibo382_dist
903,AIM,0122,Fibo764_dist
904,MMAG,0034,Fibo236_dist
905,SEB,5163,Fibo236_dist
906,LIONIND,4235,Fibo236_dist
907,YKGI,7020,Fibo500_dist
908,PDZ,6254,Fibo382_dist
909,KEYASIC,0143,Fibo500_dist
910,MTOUCHE,0092,Fibo764_dist
911,ETH,03021,Fibo236_dist
912,NETX,0020,Fibo500_dist
913,TDEX,0132,Fibo500_dist
914,HANDAL,7253,Fibo764_dist
915,EDARAN,5036,Fibo236_dist
916,POS,4634,Fibo500_dist
917,REV,0173,Fibo236_dist
918,KSTAR,5172,Fibo500_dist
919,IREKA,8834,Fibo764_dist
920,BTM,7188,Fibo500_dist
921,SEACERA,7073,Fibo382_dist
922,NGGB,7241,Fibo236_dist
923,JOHAN,3441,Fibo500_dist
924,PRG,7168,Fibo764_dist
925,PRESBHD,5204,Fibo236_dist
926,CONNECT,0102,Fibo236_dist
927,EAH,0154,Fibo764_dist
928,MEDIA,4502,Fibo236_dist
929,DGB,0152,Fibo500_dist
930,LEWEKO,8745,Fibo236_dist
931,SMRT,0117,Fibo618_dist
932,MUDAJYA,5085,Fibo618_dist
933,BSTEAD,2771,Fibo236_dist
934,MUIIND,3891,Fibo500_dist
935,LYC,0075,Fibo764_dist
936,M3TECH,0017,Fibo382_dist
937,THPLANT,5112,Fibo618_dist
938,PHARMA,7081,Fibo382_dist
939,PWORTH,7123,Fibo764_dist
940,G3,7184,Fibo618_dist
941,GOCEAN,0074,Fibo764_dist
942,ASDION,0068,Fibo500_dist
943,TFP,0145,Fibo500_dist
944,SAPNRG,5218,Fibo764_dist
945,CME,7018,Fibo500_dist
946,SCABLE,5170,Fibo500_dist
947,SINOTOP,8532,Fibo382_dist
948,DATAPRP,8338,Fibo236_dist
949,WZSATU,7245,Fibo236_dist
950,NATWIDE,9806,Fibo764_dist
951,IDMENSN,0174,Fibo382_dist
952,REDIDEA,03002,Fibo236_dist
953,DESTINI,7212,Fibo618_dist
954,M&G,5078,Fibo382_dist
955,RSENA,5270,Fibo236_dist
956,MPCORP,6548,Fibo500_dist
957,BHIC,8133,Fibo500_dist
958,KHEESAN,6203,Fibo764_dist
959,HUAAN,2739,Fibo382_dist
960,SSTEEL,5665,Fibo382_dist
961,SCOMIES,7045,Fibo500_dist
962,IPMUDA,5673,Fibo382_dist
963,PUC,0007,Fibo764_dist
964,SRIDGE,0129,Fibo382_dist
965,GOODWAY,7192,Fibo500_dist
966,SEERS,03009,Fibo236_dist
967,KTB,4847,Fibo764_dist
968,AAX,5238,Fibo382_dist
969,DOLMITE,5835,Fibo236_dist
970,IKHMAS,5268,Fibo236_dist
971,HHGROUP,0175,Fibo382_dist
972,PRKCORP,8346,Fibo618_dist
973,PRIVA,0123,Fibo382_dist
